File,Title,Author ID
12490987068308.html,Unable to Screen Share,407963526611
11579097021716.html,1/5/2023 - Call to Action and Image Overlays,407963526611
11458178098964.html,Call to Action (CTA) Guide,407963526611
10767337902484.html,11/09/22 - Pinned Chats and Tidied Up Multi-Track Landing Page,407963526611
10370730989076.html,Support Hours of Operation ,407963526611
10324589108628.html,Chat Guide,407963526611
10183507457556.html,10/18/22 - Chat Updates,407963526611
9657829039380.html,9/27/22 - Agenda Builder Release,407963526611
8439968702356.html,Agenda Builder Guide,407963526611
6584595867924.html,5/27/22,419378963512
6267104866708.html,5/13/22,419378963512
5772854484372.html,4/22/22,419378963512
5438933749268.html,4/8/22,419378963512
5081337606932.html,Screen Sharing on Firefox Mac OSX,407963526611
5081324226580.html,Screen Sharing on Microsoft Edge Windows PC,407963526611
5081224846868.html,Screen Sharing on Firefox PC,407963526611
5081179547796.html,Screen Sharing on Chrome Mac OSX,407963526611
5081165870356.html,Screen Sharing on Chrome Windows PC,407963526611
5074500182548.html,3/25/22,419378963512
4497840372244.html,2/25/22,419378963512
4417495893140.html,1/28/22,419378963512
4415863652116.html,1/14/22,419378963512
4415119019668.html,Multi-Track Guide,407963526611
4413718442900.html,12/22/21,419378963512
4410228618772.html,I Hear Audio Echoing,407963526611
4410054262548.html,11/9/21,419378963512
4409972168980.html,Producer Quick Start Guide,407963526611
4406781776148.html,9/19/21,407963526611
4402859114644.html,Integrations Overview,403712086891
4402401932308.html,7/09/21,407963526611
360060496911.html,4/22/21,407963526611
360058527812.html,3/24/21,407963526611
360057688171.html,3/1/21,411671822391
360057135631.html,2/11/21,403712086891
360056985311.html,2/2/21,403712086891
360055042911.html,12/24/20,403712086891
360053392351.html,Graphics and Video Dimensions,403712086891
360052630612.html,11/24/20,403712086891
360052154731.html,Speaker Guide,403712086891
360052154331.html,Attendee Guide,403712086891
360051617192.html,Before You Start,403712086891
12855800943252.html,Marketo Integration Documentation,415806734031
7290933446804.html,Email Reminders and Customization,407963526611
4403283674900.html,Multi Language Support,407963526611
4402856253204.html,"Help, my Attendees/Speakers can only see a black screen and no audio!",407963526611
360058626131.html,Graphic Templates and Examples,407963526611
360052088231.html,General Guide,403712086891
12461508447124.html,Hubspot Integration Documentation,415806734031
4415386814996.html,Quick Registration Guide,407963526611
360061015032.html,Creating Overlays in Keynote,407963526611
360058944832.html,Troubleshooting Permission Issues,407963526611
360056174792.html,Lounges and Breakout Rooms,403712086891
360055728552.html,Mobile/Safari Experience,403712086891
5500681921940.html,Window Sizing,419378963512
4415025877396.html,Info Tab Guide,407963526611
360055757931.html,Troubleshooting Common Speaker Issues,407963526611
360051766292.html,Producer Guide,403712086891
6319705555348.html,Translation Service Integration ,407963526611
4405168567956.html,Networking â€” troubleshooting & tuning for optimal performance,407963526611
360053529731.html,Screen Sharing Presentations (1 screen),403712086891
360053086291.html,"Help, my Attendees/Speakers are saying they can't get into the event!",403712086891
360052720251.html,Speaker Onboarding Guide,403712086891
4408099160084.html,Analytics Guide,407963526611
4404944474004.html,Welcome Referral Program,407963526611
360059331171.html,Event Dashboard Guide,407963526611
360053424631.html,Screensharing Presentations (2 screens),403712086891
360053093911.html,"Help, my Attendees/Speakers can't join the Green Room/Lounges/Breakouts!",403712086891
360051798072.html,10/19/20,403712086891
4409970167444.html,Integrations - Welcome into Salesforce ,417479358271
4407275229588.html,Passwordless Login,407963526611
360058922052.html,Welcome Studio Guide,407963526611
360057871712.html,Troubleshooting Streaming,403712086891
360056631291.html,Lounges and Breakout Rooms,403712086891
4406395110164.html,Integrations - Salesforce into Welcome,417479358271
4406049063572.html,Custom Registration Guide,407963526611
4407484902164.html,Sponsor Guide,407963526611
4402635792148.html,Integrations - Splash - Implementation,417479358271
360058825112.html,I Can't See My Video Fix with VLC,407963526611
4403375948948.html,1:1 Call Guide,407963526611
4403292480660.html,Integrations - Splash - Testing Event Emails,417479358271
360059084271.html,I Can't Play My Video Fix With Handbrake,407963526611
4403292422164.html,Integrations - Splash - Best Practices ,417479358271
4403236236436.html,Stage Kit Guide,407963526611
360056999612.html,One-Click Registration Link Guide,407963526611
4402364150164.html,Video On Demand Guide,407963526611
360058910471.html,CSV Uploads and Downloads (Attendees/Speakers),403712086891
360052750672.html,"How do I add more attendees, speakers or producers/staff?",403712086891
4402364136724.html,Closed Captions Guide,407963526611
360058555252.html,Where can I get data for my event? ,403712086891
360059361872.html,Raise Hands Guide,407963526611
360056785931.html,Breakout Room Guide,407963526611
360058913271.html,Q&A Guide,407963526611
360058096011.html,Polls Guide,407963526611
360052631412.html,Recording Events,403712086891
360061114512.html,Pre-Recording Content on Welcome,407963526611
360058706352.html,Lounge Guide,407963526611
360058345371.html,Streaming Out - General Guide,403712086891
360054867532.html,Creating Burner Accounts ,407963526611
360057871532.html,Custom RTMP Streaming Guide,403712086891
360055456471.html,Housekeeping for Emcees/Hosts,407963526611
360057871492.html,Facebook Streaming Guide,403712086891
360058345531.html,Youtube Streaming Guide,403712086891
360058345391.html,Twitch Streaming Guide,403712086891
360061462771.html,Creating Overlays in Google Slides,407963526611
